word,frequency
learn,215
web,212
beginners,154
javascript,152
build,143
wordpress,136
from,128
website,127
development,120
html,117
course,111
complete,110
php,107
css,98
create,97
scratch,86
how,75
html5,67
bootstrap,66
using,65
jquery,60
angular,58
your,57
websites,54
2,53
developer,52
building,49
guide,49
beginner,45
projects,45
4,44
basics,42
introduction,40
css3,38
responsive,38
tutorial,37
apps,36
programming,36
an,34
coding,33
rails,32
professional,31
framework,30
design,30
app,29
js,29
react,29
laravel,29
advanced,28
angularjs,28
ruby,28
3,27
code,27
master,27
developers,27
make,27
mastering,25
mysql,24
5,23
become,23
spring,22
ultimate,22
own,22
crash,21
easy,21
theme,21
ajax,21
step,21
nodejs,21
learning,21
python,21
2017,20
project,20
mvc,19
aspnet,18
page,18
fundamentals,18
application,18
hour,18
django,18
modern,18
1,18
basic,16
expert,16
start,15
ecommerce,15
blog,15
up,14
json,14
stack,14
creating,14
bootcamp,14
example,13
absolute,13
applications,13
site,13
full,13
api,13
security,13
training,13
real,13
essentials,13
typescript,13
apis,12
plugins,12
way,12
no,12
java,12
core,12
30,12
10,11
started,11
masterclass,11
xml,11
8,11
server,11
sass,11
first,11
fast,11
without,11
plugin,11
essential,11
drupal,11
hosting,11
dynamic,10
cms,10
mongodb,10
aws,10
practical,10
20,10
made,10
system,9
social,9
facebook,9
network,9
world,9
getting,9
minutes,9
online,9
hours,9
es6,9
business,9
registration,9
reactjs,9
redux,8
simple,8
new,8
dom,8
single,8
login,8
you,8
amazon,8
2016,8
twitter,8
object,8
ui,8
landing,7
vue,7
intro,7
all,7
flask,7
quickly,7
more,7
google,7
like,7
tools,7
level,7
use,7
services,7
boot,7
codeigniter,7
free,7
joomla,7
docker,7
crud,7
form,6
canvas,6
less,6
front,6
easily,6
oriented,6
very,6
install,6
steps,6
understand,6
themes,6
intermediate,6
user,6
lite,6
get,6
7,6
rest,6
chrome,6
tricks,6
comprehensive,6
c,6
skills,6
video,6
examples,6
data,6
animations,6
seo,6
develop,6
sites,5
node,5
set,5
devops,5
one,5
email,5
path,5
custom,5
doing,5
oop,5
express,5
running,5
symfony,5
vuejs,5
pro,5
entrepreneurs,5
restful,5
foundations,5
realworld,5
quick,5
secure,5
workflow,5
or,5
interactive,5
psd,5
specialist,5
end,5
asp,5
concepts,5
net,5
frontend,5
amazing,5
beautiful,5
top,5
know,4
s3,4
beginning,4
hands,4
clone,4
library,4
most,4
tips,4
image,4
faster,4
service,4
manage,4
mean,4
sell,4
animation,4
functions,4
speed,4
action,4
magento,4
time,4
deploy,4
setup,4
chat,4
language,4
features,4
stripe,4
store,4
jekyll,4
try,4
awesome,4
authentication,4
processing,4
payment,4
ground,4
sql,4
easier,4
expressjs,4
divi,4
14,4
gulp,4
advance,4
as,4
powerful,4
meteor,4
better,4
40,4
pages,4
launch,4
earn,3
included,3
unix,3
starter,3
today,3
reactive,3
awk,3
popular,3
ebook,3
finish,3
static,3
redis,3
ready,3
dev,3
bytesizedchunks,3
2012,3
lets,3
membership,3
ninja,3
big,3
kids,3
part,3
migration,3
live,3
stepbystep,3
text,3
dive,3
style,3
automate,3
backbonejs,3
wcf,3
enterprise,3
file,3
6,3
days,3
production,3
layouts,3
realtime,3
http,3
than,3
map,3
flux,3
discover,3
googles,3
go,3
zend,3
any,3
program,3
forms,3
builder,3
handson,3
writing,3
need,3
rich,3
gis,3
it,3
day,3
architecture,3
template,3
creative,3
incredible,3
understanding,3
scraping,3
adobe,3
paypal,3
novice,3
startup,3
techniques,3
w,3
microsoft,3
power,3
reference,3
serverless,3
personal,3
2015,3
12,3
that,3
quickstart,3
testing,3
mobile,3
certified,3
game,3
foundation,2
rated,2
graphql,2
into,2
definitive,2
golang,2
neo4j,2
geolocation,2
socket,2
bootstrap3,2
devtools,2
under,2
rating,2
chatbot,2
wahlin,2
messenger,2
chatbots,2
everything,2
flash,2
manipulation,2
photo,2
approach,2
accelerated,2
git,2
people,2
emberjs,2
grunt,2
servlets,2
engine,2
engineer,2
kubernetes,2
multi,2
designers,2
convert,2
mastery,2
visual,2
flat,2
rapid,2
useful,2
rockstar,2
github,2
infinite,2
dan,2
i,2
desktop,2
d3,2
material,2
maps,2
calculator,2
extensions,2
io,2
objects,2
frameworks,2
send,2
customization,2
awesomeness,2
widgets,2
patterns,2
fully,2
contact,2
depth,2
50,2
courses,2
best,2
emmet,2
exercises,2
practice,2
deep,2
player,2
required,2
urdu,2
html5css3,2
designing,2
learners,2
blogger,2
scalable,2
interfaces,2
visualizations,2
benefits,2
xslt,2
local,2
electron,2
activation,2
school,2
effective,2
back,2
htmlcss,2
ten,2
audio,2
min,2
xquery,2
selectors,2
capybara,2
sign,2
dtd,2
rspec,2
bdd,2
jump,2
homestead,2
theory,2
at,2
linux,2
camp,2
cloud,2
sap,2
academy,2
svg,2
ecmascript,2
guarantee,2
ease,2
discounted,2
marketing,2
hacks,2
client,2
productivity,2
gallery,2
improved,2
write,2
oauth,2
manager,2
publish,2
npm,2
microdata,2
15,2
verification,2
introductory,2
about,2
swift,2
flexbox,2
woocommerce,2
vps,2
52,2
secrets,2
whats,2
universal,2
improve,2
expressions,2
webpack,2
experience,2
grep,2
installation,2
kali,2
paid,2
customize,2
regular,2
downloader,2
covers,2
cool,2
snippets,2
mysqli,2
welcome,2
version,2
creation,2
work,2
portfolio,2
newbie,2
explained,2
cart,2
alexa,2
class,2
shopping,2
blogs,2
virtual,2
reality,2
search,2
weather,2
vs,2
vim,2
restore,2
integration,2
deployment,2
heroku,2
successful,2
backup,2
workarounds,2
media,2
arrays,1
webapp,1
cloudaws,1
javaspringhibernate,1
dialog,1
software,1
thousands,1
45,1
udemy,1
encrypt,1
warning,1
livestream,1
document,1
parse,1
share,1
will,1
worlds,1
request,1
extreme,1
ngrx,1
popup,1
lucrative,1
receive,1
messages,1
previews,1
copy,1
expertise,1
mailchimp,1
wistia,1
111creating,1
sms,1
safely,1
model,1
streaming,1
sleek,1
along,1
cloudfront,1
files,1
upload,1
colorful,1
minute,1
engaging,1
background,1
pdo,1
jsonbased,1
enhancing,1
x,1
views,1
journey,1
slim,1
featured,1
singlepage,1
tasks,1
closures,1
testdriven,1
save,1
buddypress,1
rxjs,1
response,1
microframework,1
star,1
depthbuild,1
4a,1
webservices,1
pimcore,1
edit,1
boost,1
implement,1
common,1
not,1
warehouse,1
implementing,1
account,1
fix,1
16,1
instant,1
vulnerabilities,1
optimizepress,1
elm,1
their,1
drag,1
hadoop,1
drop,1
mitigation,1
register,1
mastercourse,1
apache,1
domain,1
lumen,1
godaddy,1
fastest,1
2x,1
annotation,1
gradients,1
configuration,1
move,1
groundup,1
debugging,1
ultimatedesign,1
codeless,1
muse,1
high,1
performance,1
stock,1
studio,1
play,1
two,1
sara,1
sending,1
learns,1
making,1
display,1
introducing,1
ionic,1
elasticsearch,1
road,1
youtube,1
workflows,1
5creating,1
polymer,1
recipies,1
sed,1
anywhere,1
cut,1
credit,1
card,1
buttons,1
lerning,1
wishlist,1
member,1
analyze,1
art,1
3d,1
webgl,1
babylonjs,1
allinone,1
objectoriented,1
practically,1
localhost,1
ideas,1
right,1
themeforest,1
frameworklearn,1
sailsjs,1
autocomplete,1
clients,1
microservices,1
consume,1
complex,1
akka,1
reactivex,1
53,1
gsap,1
qgis,1
stunning,1
nonsense,1
orientation,1
edition,1
integrated,1
test,1
faker,1
seeding,1
database,1
composer,1
actuator,1
commands,1
squarespace,1
coders,1
59,1
17,1
underscorejs,1
101,1
identity,1
topics,1
post,1
types,1
taxonomies,1
metaboxes,1
effects,1
riot,1
riotjs,1
lab,1
70462,1
databases,1
2013,1
freelance,1
per,1
thymeleaf,1
voiceover,1
quality,1
apex,1
modx,1
sharepoint,1
prototypes,1
administering,1
xpath,1
sapui5,1
collective,1
wisdom,1
thoughtful,1
d3js,1
superb,1
cakephpcreating,1
javaspringmysql,1
casperjs,1
phantomjs,1
scrape,1
supreme,1
great,1
templates,1
native,1
shapes,1
pack,1
used,1
facebookig,1
so,1
think,1
rf,1
telecom,1
fundamental,1
w3css,1
craft,1
hostingsharing,1
import,1
2creating,1
simplified,1
cross,1
54,1
relevant,1
details,1
angularjswebapi2efcodefirst,1
3tier,1
promises,1
supercharging,1
atom,1
editor,1
knockout,1
axure,1
rp,1
systems,1
crossplatform,1
codeignitercrud,1
newsletter,1
subscription,1
phpajax,1
perfect,1
70461,1
browser,1
exam,1
virtualbox,1
azure,1
ship,1
appml,1
newest,1
112,1
swarm,1
mode,1
xsd,1
zf2,1
tumult,1
hype,1
phalcon,1
higly,1
ember,1
superheroic,1
querying,1
onestop,1
overlay,1
locally,1
voice,1
modules,1
quiz,1
blogging,1
blueprint,1
indepth,1
microblog,1
kickass,1
amazons,1
entrepreneur,1
aframe,1
webvr,1
series,1
open,1
different,1
queries,1
createmanage,1
package,1
grow,1
desktopserver,1
graphic,1
knitting,1
ways,1
selfhosted,1
management,1
webpages,1
interaction,1
sleeker,1
captcha,1
content,1
optimise,1
ethical,1
hacking,1
crystal,1
reports,1
19,1
pythons,1
filters,1
images,1
color,1
customizr,1
rock,1
solid,1
vr,1
exploring,1
backbone,1
zerotohero,1
positioning,1
hit,1
installing,1
dion,1
yang,1
purposes,1
layout,1
developing,1
popups,1
paying,1
host,1
jee,1
90,1
phoenix,1
registrars,1
memory,1
tdd,1
immersive,1
job,1
be,1
explore,1
script,1
profitable,1
wp,1
programmingcoding,1
forum,1
inspirational,1
2hour,1
elixir,1
shortening,1
url,1
110,1
bundle,1
mongoosejs,1
dependency,1
injection,1
technologies,1
month,1
this,1
weekend,1
unleash,1
jsps,1
jumpstart,1
incl,1
router,1
vuex,1
freelancers,1
agencies,1
exceptional,1
auth0,1
seller,1
principles,1
results,1
week,1
weird,1
parts,1
formerly,1
photoshop,1
admin,1
panel,1
4hours,1
pragmatic,1
designer,1
23,1
original,1
probuild,1
tool,1
workshop,1
career,1
drives,1
administrators,1
web2py,1
pinegrow,1
reactrouter,1
previously,1
marketers,1
animated,1
fun,1
engineering,1
shortcodes,1
knowledge,1
splash,1
breakout,1
blocks,1
everyone,1
sharing,1
oracle,1
weblogic,1
can,1
scss,1
deserve,1
dollars,1
mp3,1
provided,1
thinking,1
future,1
25,1
coming,1
soon,1
apply,1
quicker,1
viral,1
strategies,1
materialize,1
gorgeous,1
cheap,1
earning,1
environment,1
computer,1
xampp,1
always,1
sublime,1
are,1
next,1
paradigm,1
shift,1
unit,1
bugfree,1
competitive,1
csscasts,1
tweets,1
bank,1
firebase,1
tags,1
ios9,1
languages,1
35,1
optimization,1
wpfaster,1
partswrite,1
good,1
country,1
outsourcing,1
comparison,1
saas,1
towards,1
adsense,1
implementation,1
prezi,1
presentations,1
similar,1
creator,1
super,1
cascading,1
sheets,1
coffeescript,1
modal,1
libraries,1
redirect,1
hapijs,1
onepage,1
fiverr,1
algolia,1
extend,1
beaver,1
zero,1
hero,1
managed,1
nicherelated,1
webpage,1
treasure,1
chest,1
date,1
edwin,1
diaz,1
micro,1
bi,1
analytics,1
800,1
200,1
community,1
kitura,1
bluemix,1
components,1
concept,1
howto,1
guides,1
decoded,1
bot,1
overview,1
self,1
advertise,1
powerpoint,1
ios,1
outstanding,1
visitors,1
others,1
digital,1
routing,1
unlimited,1
emails,1
via,1
mail,1
classified,1
guaranteed,1
functional,1
fullstack,1
hustler,1
ethereum,1
decentralised,1
blockchain,1
demystified,1
strings,1
scaling,1
critical,1
lamp,1
v1,1
knowhow,1
transition,1
marketplace,1
13,1
2014,1
aspnetcsscjquery,1
alejandro,1
rangel,1
styling,1
directives,1
certificate,1
passwordless,1
bubble,1
laravel52,1
rethinkdb,1
estate,1
wix,1
nontech,1
profits,1
charge,1
elearning,1
scratchbecome,1
dropzonejs,1
slick,1
hmtl5,1
enjoy,1
tutorials,1
lms,1
look,1
hindi,1
feel,1
domination,1
leads,1
scarcity,1
nontechnical,1
eyecatching,1
correct,1
apiai,1
pros,1
confirm,1
nodejsjavascript,1
pace,1
ideal,1
tactics,1
drawing,1
portalfin,1
update,1
bots,1
dissecting,1
meteorjs,1
koa,1
sails,1
backend,1
discovery,1
optimizing,1
revenue,1
leafletjs,1
